model,auc,neg_log_loss
Amortized3PL (Sentence),0.7940881053192671,-0.4581494811254712
AmortizedRasch (Sentence),0.7596957238197134,-0.504523228097508
