model,auc,neg_log_loss
NCF,0.9429849555696345,-0.26557148727667357
MultiFacet2PL,0.9376630577267498,-0.27787143125520514
3PL,0.9314631035556422,-0.2925187387648609
2PL,0.9196556381486067,-0.31283546023623476
Rasch,0.9208270712604412,-0.3309401865648115
AmortizedIRT (TF-IDF),0.838299017743762,-0.4151745662087717
AmortizedIRT (Sentence),0.7825712801624194,-0.4709793367913114
